device,modality,count,mean,min,max
infrastructure,camera,46,0.5506677627563477,0.5330095291137695,0.5682182312011719
infrastructure,lidar,46,0.7402371116306471,0.7328119277954102,0.7504844665527344
vehicle,camera,46,0.15846393419348676,0.1235189437866211,0.178375244140625
vehicle,lidar,46,1.0115097502003545,1.005533218383789,1.0192155838012695
